"word","pos","definition","example"
"sentient","adjective","having the ability to use your senses to see and to feel","Many ethicists argue that sentient animals deserve special moral consideration."
"Exclusionary","adjective","relating to or characterized by excluding something or someone; narrow in scope","The committee adopted an exclusionary policy that left several groups out of the discussion."
"err on the side of","idiom","choose the safer or more cautious option when uncertain","When in doubt about safety, engineers err on the side of caution."
"reverence","noun","a feeling of deep respect or awe","She showed reverence for the ancient ritual and observed it quietly."
"kinship","noun","the relationship between members of the same family or a feeling of close connection","They felt an immediate kinship despite having just met."
"meteorologist","noun","an expert who studies and forecasts the weather","The meteorologist predicted rain throughout the weekend."
"hindsight","noun","understanding of a situation only after it has happened","In hindsight, we should have started the project earlier."
"scepticism","noun","an attitude of doubt or questioning about a claim or belief","Public scepticism grew after the first contradictory report was published."
"bodes well","phrase","is a sign that something good will happen in the future","The early positive reviews bode well for the movie's box office."
"consensus","noun","a general agreement among a group of people","After hours of discussion they reached a consensus on the plan."
"staunch","adjective","very loyal and committed in attitude","She is a staunch supporter of the environmental movement."
"rigour","noun","the quality of being extremely thorough, careful, and precise","The study was praised for its scientific rigour."
"moral status","noun phrase","whether an entity deserves moral consideration","Philosophers debate the moral status of nonhuman animals."
"human exceptionalism","noun phrase","the belief that humans are fundamentally different from or superior to other species","Human exceptionalism has shaped many historical attitudes toward nature."
"reflective equilibrium","noun phrase","a method in ethics of balancing principles and judgments to arrive at coherent beliefs","They adjusted their rules through a process of reflective equilibrium."
"nociceptors","noun (technical)","nerve receptors that detect damaging stimuli (pain)","The presence of nociceptors suggests the animal can sense potentially damaging stimuli."
"perpetrator","noun","a person who commits a crime or harmful act; culprit","Police identified the perpetrator from surveillance footage."
"ferry","noun/verb","(n) a boat that carries people or vehicles across water; (v) to carry by ferry","They took the ferry across the river to the island."
"tangible","adjective","able to be clearly seen, touched, or measured; concrete","The benefits of the program were tangible and immediate."
"bout","noun","a short period of intense activity, illness, or effort; also an instance (e.g., a bout of flu)","She suffered a brief bout of the flu and recovered quickly."
"marvel","noun","a wonderful or astonishing thing; something that inspires wonder","The ancient cathedral was a marvel of medieval engineering."
"theology","noun","the study of religion and religious beliefs","He studied theology at university to better understand religious traditions."
"imposing","adjective","impressive in size, appearance, or manner","The castle made an imposing sight on the hill."
"impose","verb","to force something (a rule, duty, or burden) on someone","The new authority tried to impose strict curfews on the city."
"inflict","verb","to cause someone to suffer something unpleasant (pain, harm, loss)","The storm inflicted significant damage on the coastal town."
"reckoning","noun","(1) an approximate calculation; (2) a time when actions are judged or accounted for","The final reckoning revealed how much money had been spent."
"reckon","verb","(1) to think or suppose; (2) to calculate approximately","I reckon we'll arrive by noon if traffic stays light."
"lithify","verb","to transform sediment or other material into rock; to harden into stone","Over millions of years, sediments lithify into sedimentary rock layers."
"intricate","adjective","having many small, complex parts or details; complicated","The clock's mechanism is intricate and requires expert repair."
"excrements","noun","waste material expelled from the body; fecal matter","Scientists analyzed animal excrements to study diet and health."
"prominence","noun","the state of being important, well-known, or easily noticeable; visibility or fame","Her research gained prominence after the award announcement."
"excavate","verb","to dig in the ground to uncover buried objects or structures","Archaeologists excavate ancient sites to learn about past civilizations."
"minuscule","adjective","extremely small; tiny","The error was minuscule and did not affect the final result."
"whittled down","verb phrase","to gradually reduce the size, number, or amount of something","They whittled down the guest list to only close family."
"devastate","verb","to cause severe destruction, damage, or emotional shock","The hurricane devastated coastal towns and displaced thousands."
"cyclicality","noun","the quality of occurring in cycles; periodic fluctuations","Economic cyclicality affects hiring and investment decisions."
"assiduously","adverb","with great care, attention, and persistence; diligently","She worked assiduously to complete the thesis on time."
"topography","noun","the arrangement of natural and artificial physical features of an area (rivers, mountains, etc.)","The topography of the region made road construction difficult."
"discernible","adjective","able to be perceived, noticed, or understood; noticeable","There was a discernible improvement in his language skills after the course."
"admonition","noun","a firm warning or reprimand","The teacher's admonition reminded students to submit assignments on time."
"copious","adjective","abundant; in large amounts","She took copious notes during the lecture."
"conduit","noun","a channel or tube through which something (water, information, electricity) passes","The old pipeline served as a conduit for fresh water."
"relinquish","verb","to give up, let go of, or stop doing something; to surrender control or possession","He decided to relinquish his role as project lead."
"relish","verb","to enjoy thoroughly or take great pleasure in","She would relish the chance to work abroad again."
"fluke","noun","an unlikely stroke of luck; a chance occurrence","Their victory was a fluke, but they celebrated it nonetheless."
"devoid of","adjective phrase","completely lacking or free from something","The desert was devoid of vegetation after the long drought."
"eutrophication","noun","nutrient overload in water bodies leading to algal blooms and oxygen loss","Eutrophication from fertilizer runoff damaged the lake's ecosystem."
"algal blooms / sargassum outbreaks","noun phrase","rapid growths of algae or seaweed that can harm ecosystems","Algal blooms reduced oxygen levels and killed many fish in the bay."
"upwelling","noun","an ocean process that brings nutrient-rich deep water to the surface, supporting high productivity","Coastal upwelling zones are often rich fishing grounds."
"composting / compost","noun/verb","recycling organic waste into a soil conditioner (compost) or the process of doing so","Composting kitchen scraps enriches garden soil and reduces waste."
"egalitarian","adjective","promoting equal rights, opportunities, or access for all people","They advocated for egalitarian policies in education and employment."
"anthropogenic","adjective","caused or produced by human activity","Many environmental problems are anthropogenic in origin."
"apportioned","verb","divided and assigned shares according to a plan or proportion; allocated fairly","The budget was apportioned among departments based on need."